{
  "accuracy": 0.9103703703703704,
  "precision": 0.9098139363236571,
  "recall": 0.9103703703703704,
  "f1": 0.8610792192881745,
  "auc": 0.952563582469929,
  "dataset_size": 6750,
  "test_size": 1350,
  "class_distribution": {
    "train": {
      "0": 3630,
      "1": 1770
    },
    "test": {
      "0": 907,
      "1": 443
    }
  },
  "report": {
    "0": {
      "precision": 0.9262472885032538,
      "recall": 0.9415656008820287,
      "f1-score": 0.9338436303991252,
      "support": 907.0
    },
    "1": {
      "precision": 0.8761682242990654,
      "recall": 0.8465011286681715,
      "f1-score": 0.8610792192881745,
      "support": 443.0
    },
    "accuracy": 0.9103703703703704,
    "macro avg": {
      "precision": 0.9012077564011596,
      "recall": 0.8940333647751001,
      "f1-score": 0.8974614248436499,
      "support": 1350.0
    },
    "weighted avg": {
      "precision": 0.9098139363236571,
      "recall": 0.9103703703703704,
      "f1-score": 0.9099661236419764,
      "support": 1350.0
    }
  }
}