{
  "accuracy": 0.8896296296296297,
  "precision": 0.9167012725421951,
  "recall": 0.8896296296296297,
  "f1": 0.7718223583460949,
  "auc": 0.9607167352537723,
  "dataset_size": 6750,
  "test_size": 1350,
  "class_distribution": {
    "train": {
      "0": 4320,
      "1": 1080
    },
    "test": {
      "0": 1080,
      "1": 270
    }
  },
  "report": {
    "0": {
      "precision": 0.9813857290589452,
      "recall": 0.8787037037037037,
      "f1-score": 0.9272105520273571,
      "support": 1080.0
    },
    "1": {
      "precision": 0.6579634464751958,
      "recall": 0.9333333333333333,
      "f1-score": 0.7718223583460949,
      "support": 270.0
    },
    "accuracy": 0.8896296296296297,
    "macro avg": {
      "precision": 0.8196745877670705,
      "recall": 0.9060185185185186,
      "f1-score": 0.849516455186726,
      "support": 1350.0
    },
    "weighted avg": {
      "precision": 0.9167012725421951,
      "recall": 0.8896296296296297,
      "f1-score": 0.8961329132911048,
      "support": 1350.0
    }
  }
}