{
  "accuracy": 0.8,
  "precision": 0.888888888888889,
  "recall": 0.8,
  "f1": 0.8131868131868132,
  "auc": 1.0,
  "dataset_size": 96,
  "heat_images": 73,
  "non_heat_images": 23,
  "training_source": "real_images_both_classes",
  "class_distribution": {
    "train": {
      "1": 58,
      "0": 18
    },
    "test": {
      "1": 15,
      "0": 5
    }
  },
  "report": {
    "0": {
      "precision": 0.5555555555555556,
      "recall": 1.0,
      "f1-score": 0.7142857142857143,
      "support": 5.0
    },
    "1": {
      "precision": 1.0,
      "recall": 0.7333333333333333,
      "f1-score": 0.8461538461538461,
      "support": 15.0
    },
    "accuracy": 0.8,
    "macro avg": {
      "precision": 0.7777777777777778,
      "recall": 0.8666666666666667,
      "f1-score": 0.7802197802197802,
      "support": 20.0
    },
    "weighted avg": {
      "precision": 0.888888888888889,
      "recall": 0.8,
      "f1-score": 0.8131868131868132,
      "support": 20.0
    }
  }
}