{
  "accuracy": 0.9044444444444445,
  "precision": 0.9037050256805365,
  "recall": 0.9044444444444445,
  "f1": 0.8505214368482039,
  "auc": 0.9410718201207965,
  "dataset_size": 6750,
  "test_size": 1350,
  "class_distribution": {
    "train": {
      "0": 3632,
      "1": 1768
    },
    "test": {
      "0": 908,
      "1": 442
    }
  },
  "report": {
    "0": {
      "precision": 0.9192680301399354,
      "recall": 0.9405286343612335,
      "f1-score": 0.929776810016331,
      "support": 908.0
    },
    "1": {
      "precision": 0.8717339667458432,
      "recall": 0.830316742081448,
      "f1-score": 0.8505214368482039,
      "support": 442.0
    },
    "accuracy": 0.9044444444444445,
    "macro avg": {
      "precision": 0.8955009984428893,
      "recall": 0.8854226882213407,
      "f1-score": 0.8901491234322674,
      "support": 1350.0
    },
    "weighted avg": {
      "precision": 0.9037050256805365,
      "recall": 0.9044444444444445,
      "f1-score": 0.9038280137642478,
      "support": 1350.0
    }
  }
}