{
  "accuracy": 0.8896296296296297,
  "precision": 0.9179674090713537,
  "recall": 0.8896296296296297,
  "f1": 0.7668231611893583,
  "auc": 0.9677116075437808,
  "dataset_size": 6750,
  "test_size": 1350,
  "class_distribution": {
    "train": {
      "0": 4350,
      "1": 1050
    },
    "test": {
      "0": 1088,
      "1": 262
    }
  },
  "report": {
    "0": {
      "precision": 0.9825282631038027,
      "recall": 0.8786764705882353,
      "f1-score": 0.9277049975739932,
      "support": 1088.0
    },
    "1": {
      "precision": 0.649867374005305,
      "recall": 0.9351145038167938,
      "f1-score": 0.7668231611893583,
      "support": 262.0
    },
    "accuracy": 0.8896296296296297,
    "macro avg": {
      "precision": 0.8161978185545539,
      "recall": 0.9068954872025146,
      "f1-score": 0.8472640793816757,
      "support": 1350.0
    },
    "weighted avg": {
      "precision": 0.9179674090713537,
      "recall": 0.8896296296296297,
      "f1-score": 0.8964820041423085,
      "support": 1350.0
    }
  }
}